<?xml version="1.0" encoding="UTF-8"?>
<configuration>

    <!-- Send log messages to System.out -->
    <appender name="STDOUT" class="ch.qos.logback.core.ConsoleAppender">
        <!-- By default, encoders are assigned the type ch.qos.logback.classic.encoder.PatternLayoutEncoder -->
        <encoder>
            <pattern>%date{dd-MM-yyyy HH:mm:ss.SSS} [%thread] %-5level %logger{30} - %msg%n</pattern>
        </encoder>
    </appender>

    <!-- Logger for our app -->
    <logger name="accountService" level="DEBUG" additivity="false">
        <appender-ref ref="STDOUT"/>
    </logger>

    <!-- Restrict logging of Spring -->
    <logger name="org.springframework" level="INFO" additivity="false">
        <appender-ref ref="STDOUT"/>
    </logger>

    <!-- By default, the level of the root level is set to INFO -->
    <root level="INFO">
        <appender-ref ref="STDOUT"/>
    </root>
</configuration>
